customer_id,transaction_count,total_transaction_value,average_transaction_value
1,27,63473.799999999996,2350.8814814814814
2,17,105386.79000000001,6199.222941176471
3,23,33465.88,1455.0382608695652
4,28,218737.91,7812.068214285714
5,17,24075.51,1416.206470588235
6,24,52331.46,2180.4775
7,21,204822.16,9753.43619047619
8,26,45290.13,1741.9280769230768
9,13,171743.83000000002,13211.063846153847
10,14,16702.83,1193.0592857142858
11,17,20034.86,1178.5211764705882
12,23,35633.56,1549.2852173913043
13,12,17718.67,1476.555833333333
14,24,50721.060000000005,2113.3775
15,22,21410.92,973.2236363636363
16,18,160067.5,8892.638888888889
17,20,29601.46,1480.0729999999999
18,11,11929.95,1084.540909090909
19,19,174909.74,9205.775789473684
20,17,305195.83,17952.695882352942
21,24,37894.58,1578.9408333333333
22,16,193329.26,12083.07875
23,22,27274.559999999998,1239.7527272727273
24,16,153126.78,9570.42375
25,11,24376.94,2216.0854545454545
26,12,155500.01,12958.334166666667
27,10,13071.51,1307.151
28,24,46909.87,1954.5779166666669
29,12,12256.08,1021.34
30,22,181625.31,8255.69590909091
31,23,31805.53,1382.8491304347826
32,22,28252.27,1284.1940909090908
33,24,33745.88,1406.0783333333331
34,17,210906.77,12406.280588235293
35,21,52045.75,2478.3690476190477
36,15,20751.91,1383.4606666666666
37,15,26755.510000000002,1783.7006666666668
38,20,36202.2,1810.11
39,19,35385.53,1862.3963157894736
40,15,25078.940000000002,1671.9293333333335
41,14,19532.31,1395.1650000000002
42,16,21398.030000000002,1337.3768750000002
43,25,42216.06,1688.6424
44,21,295611.37,14076.731904761904
45,17,21808.46,1282.850588235294
46,26,48200.28,1853.856923076923
47,17,21183.13,1246.0664705882355
48,21,20334.84,968.3257142857143
49,10,13935.97,1393.597
50,24,26126.93,1088.6220833333334
51,9,305785.48,33976.16444444444
52,26,39406.47,1515.6334615384617
53,31,115321.97,3720.063548387097
54,21,31496.37,1499.827142857143
55,21,149305.07,7109.765238095239
56,26,48919.659999999996,1881.5253846153844
57,27,47086.37,1743.9396296296297
58,23,31862.489999999998,1385.3256521739129
59,21,26769.93,1274.7585714285715
60,18,23996.63,1333.1461111111112
61,19,39852.0,2097.4736842105262
62,17,33166.78,1950.9870588235294
63,17,214796.80000000002,12635.105882352942
64,14,178325.79,12737.55642857143
65,23,31972.35,1390.1021739130433
66,15,23686.559999999998,1579.1039999999998
67,24,47304.409999999996,1971.0170833333332
68,12,13020.82,1085.0683333333334
69,24,37557.73,1564.9054166666667
70,19,409360.27,21545.277368421055
71,18,174597.27,9699.848333333333
72,21,36882.06,1756.2885714285712
73,21,28932.010000000002,1377.714761904762
74,21,228692.07,10890.098571428573
75,15,14336.300000000001,955.7533333333334
76,13,18481.83,1421.6792307692308
77,17,91363.66,5374.332941176471
78,17,30151.48,1773.6164705882352
79,16,22798.42,1424.90125
80,17,89938.89,5290.52294117647
81,16,42489.29,2655.580625
82,20,33357.840000000004,1667.8920000000003
83,11,14847.59,1349.780909090909
84,20,146334.74000000002,7316.737000000001
85,15,17015.12,1134.3413333333333
86,19,168508.83000000002,8868.885789473685
87,21,44719.439999999995,2129.4971428571425
88,22,32469.14,1475.87
89,22,200996.53,9136.20590909091
90,13,107133.54,8241.041538461537
91,17,16471.44,968.9082352941176
92,19,219159.87,11534.73
93,21,35225.74,1677.4161904761904
94,13,15564.35,1197.2576923076924
95,13,16360.41,1258.4930769230768
96,21,22502.72,1071.5580952380953
97,22,50611.88,2300.54
98,14,30958.44,2211.3171428571427
99,17,25356.25,1491.5441176470588
100,18,215822.65,11990.147222222222
101,23,225477.38999999998,9803.364782608694
102,18,26591.52,1477.3066666666666
103,14,115338.45999999999,8238.461428571429
104,12,12977.95,1081.4958333333334
105,12,12938.130000000001,1078.1775
106,21,32253.99,1535.9042857142858
107,21,151542.92,7216.329523809524
108,23,48211.81,2096.165652173913
109,23,217378.19999999998,9451.226086956522
110,20,119793.57,5989.6785
111,24,126822.51,5284.27125
112,16,20778.82,1298.67625
113,17,29528.53,1736.9723529411765
114,14,13468.15,962.0107142857142
115,11,24554.3,2232.2090909090907
116,17,18617.55,1095.1499999999999
117,11,100972.78,9179.343636363636
118,18,25849.55,1436.086111111111
119,20,43487.909999999996,2174.3954999999996
120,10,117797.83,11779.783
121,24,32226.42,1342.7675
122,14,137440.33,9817.166428571427
123,19,24164.25,1271.8026315789473
124,20,34606.27,1730.3134999999997
125,12,23279.33,1939.944166666667
126,23,36939.57,1606.0682608695652
127,18,32475.06,1804.17
128,12,19971.26,1664.2716666666665
129,25,186298.63,7451.9452
130,18,28233.39,1568.5216666666665
131,26,34558.56,1329.1753846153845
132,15,153207.41,10213.827333333333
133,20,44818.590000000004,2240.9295
134,19,96332.45999999999,5070.12947368421
135,19,27051.55,1423.7657894736842
136,22,34350.67,1561.394090909091
137,17,21927.19,1289.8347058823529
138,16,36431.14,2276.94625
139,27,30487.3,1129.1592592592592
140,19,17386.65,915.0868421052633
141,18,27874.23,1548.5683333333334
142,17,26420.16,1554.1270588235293
143,20,29101.9,1455.095
144,25,139414.91999999998,5576.596799999999
145,26,120366.16,4629.467692307692
146,18,161586.97,8977.05388888889
147,17,118877.17,6992.7747058823525
148,17,26516.739999999998,1559.8082352941176
149,25,180753.85,7230.154
150,18,41323.57,2295.753888888889
151,17,25896.13,1523.3017647058823
152,19,24746.34,1302.4389473684212
153,21,198603.15999999997,9457.293333333331
154,15,23883.1,1592.2066666666665
155,19,157433.67,8285.982631578949
156,21,88890.79,4232.894761904761
157,11,12206.31,1109.6645454545453
158,20,172669.65,8633.4825
159,25,386248.5,15449.94
160,25,215896.86000000002,8635.8744
161,20,36240.74,1812.0369999999998
162,24,25550.05,1064.5854166666666
163,17,220270.81,12957.106470588235
164,19,32470.25,1708.9605263157894
165,23,24235.78,1053.7295652173912
166,15,162484.58000000002,10832.305333333334
167,18,38664.01,2148.000555555556
168,18,88505.17000000001,4916.953888888889
169,23,33981.68,1477.464347826087
170,11,15260.64,1387.330909090909
171,16,115022.32,7188.895
172,14,14782.970000000001,1055.9264285714287
173,21,112599.40000000001,5361.8761904761905
174,19,32905.0,1731.842105263158
175,19,179519.13,9448.375263157895
176,17,25330.829999999998,1490.0488235294117
177,18,31916.02,1773.1122222222223
178,17,356739.64999999997,20984.685294117644
179,21,21819.7,1039.0333333333333
180,17,28913.87,1700.8158823529411
181,17,20540.19,1208.2464705882353
182,18,367425.94999999995,20412.552777777775
183,23,32679.46,1420.8460869565217
184,13,21499.24,1653.7876923076924
185,18,36554.94,2030.8300000000002
186,23,24762.14,1076.6147826086956
187,13,35697.83,2745.986923076923
188,14,31297.719999999998,2235.5514285714285
189,20,27254.55,1362.7275
190,14,21374.52,1526.7514285714285
191,16,34392.48,2149.53
192,31,58765.76,1895.669677419355
193,16,25740.84,1608.8025
194,20,17178.86,858.943
195,24,48314.67,2013.11125
196,15,29349.27,1956.618
197,17,24195.77,1423.280588235294
198,18,156029.37,8668.298333333332
199,20,30155.88,1507.794
200,18,203634.27000000002,11313.015000000001
201,31,41022.950000000004,1323.3209677419356
202,16,14290.09,893.130625
203,19,23095.41,1215.5478947368422
204,27,46141.43,1708.9418518518519
205,23,168401.43,7321.801304347826
206,13,12623.64,971.0492307692307
207,12,339096.72,28258.059999999998
208,18,26075.12,1448.6177777777777
209,19,29677.41,1561.9689473684211
210,11,21486.68,1953.3345454545454
211,15,31399.280000000002,2093.2853333333337
212,20,33820.38,1691.0189999999998
213,27,48345.48,1790.5733333333335
214,21,31217.88,1486.5657142857144
215,24,39834.94,1659.7891666666667
216,17,40330.77,2372.3982352941175
217,27,50778.96,1880.7022222222222
218,18,32840.71,1824.483888888889
219,22,35423.02,1610.1372727272726
220,18,187052.5,10391.805555555555
221,13,16868.52,1297.5784615384616
222,10,13448.66,1344.866
223,21,212336.30000000002,10111.252380952381
224,17,173232.23999999996,10190.13176470588
225,24,44228.03,1842.8345833333333
226,30,52370.27,1745.6756666666665
227,17,17952.579999999998,1056.0341176470588
228,23,51203.47,2226.2378260869564
229,19,33624.0,1769.6842105263158
230,21,32286.69,1537.4614285714285
231,17,36734.26,2160.838823529412
232,14,15509.32,1107.8085714285714
233,17,26256.27,1544.4864705882353
234,16,14938.65,933.665625
235,18,43692.18,2427.3433333333332
236,19,43164.64,2271.8231578947366
237,21,31544.77,1502.1319047619047
238,24,48923.2,2038.4666666666665
239,18,40469.99,2248.3327777777777
240,16,17707.829999999998,1106.7393749999999
241,24,29061.95,1210.9145833333334
242,19,39554.11,2081.7952631578946
243,21,30017.36,1429.3980952380953
244,19,30128.67,1585.7194736842105
245,24,24691.16,1028.7983333333334
246,17,29622.59,1742.505294117647
247,22,95817.51,4355.341363636363
248,16,30302.26,1893.89125
249,15,21489.45,1432.63
250,16,32993.79,2062.111875
251,11,18367.04,1669.730909090909
252,19,23514.93,1237.627894736842
253,16,23387.31,1461.706875
254,24,33711.59,1404.649583333333
255,16,24460.65,1528.790625
256,26,46365.58,1783.2915384615385
257,17,24091.7,1417.1588235294118
258,29,121467.45,4188.5327586206895
259,16,22783.59,1423.974375
260,16,19622.559999999998,1226.4099999999999
261,21,31491.82,1499.6104761904762
262,9,15242.36,1693.5955555555556
263,24,42051.229999999996,1752.1345833333332
264,11,11629.52,1057.229090909091
265,22,41261.23,1875.5104545454546
266,11,14984.92,1362.2654545454545
267,12,95501.62000000001,7958.468333333334
268,17,19361.14,1138.890588235294
269,18,26978.809999999998,1498.8227777777777
270,18,123801.0,6877.833333333333
271,15,24536.77,1635.7846666666667
272,13,19478.17,1498.3207692307692
273,12,22372.87,1864.4058333333332
274,22,28637.19,1301.6904545454545
275,10,18225.239999999998,1822.524
276,19,93799.12,4936.795789473684
277,25,45294.32,1811.7728
278,19,130410.2,6863.694736842105
279,25,125574.76000000001,5022.990400000001
280,13,17266.02,1328.1553846153847
281,18,294361.3,16353.405555555555
282,19,156394.69999999998,8231.3
283,15,27639.85,1842.6566666666665
284,22,27173.86,1235.1754545454546
285,22,35948.97,1634.044090909091
286,13,21569.059999999998,1659.1584615384613
287,18,26817.12,1489.84
288,15,14781.85,985.4566666666667
289,17,20082.18,1181.304705882353
290,20,32010.83,1600.5415
291,20,25494.7,1274.7350000000001
292,22,34286.86,1558.4936363636364
293,27,43092.62,1596.022962962963
294,13,15264.699999999999,1174.2076923076922
295,19,21854.65,1150.2447368421053
296,26,30170.85,1160.4173076923075
297,17,28210.19,1659.4229411764704
298,16,30477.489999999998,1904.8431249999999
299,15,31394.39,2092.9593333333332
300,15,20467.57,1364.5046666666667
301,21,37634.29,1792.1090476190477
302,17,26384.15,1552.0088235294118
303,19,191514.41,10079.705789473684
304,23,26374.2,1146.704347826087
305,17,24612.87,1447.8158823529411
306,21,173081.99,8241.999523809523
307,14,75364.04000000001,5383.145714285715
308,20,31350.12,1567.5059999999999
309,13,150635.46,11587.343076923076
310,16,17353.010000000002,1084.5631250000001
311,24,38946.66,1622.7775000000001
312,19,37381.35,1967.4394736842105
313,19,31406.81,1652.99
314,20,39982.39,1999.1195
315,19,156517.87,8237.782631578948
316,23,24711.69,1074.421304347826
317,17,22172.71,1304.2770588235294
318,16,25218.06,1576.12875
319,19,36638.0,1928.3157894736842
320,19,25733.760000000002,1354.4084210526316
321,9,16439.22,1826.5800000000002
322,20,22992.03,1149.6015
323,20,39734.01,1986.7005000000001
324,15,22804.74,1520.316
325,21,142994.58000000002,6809.265714285715
326,18,112930.48999999999,6273.916111111111
327,19,211563.01,11134.895263157896
328,17,94601.6,5564.8
329,12,16128.88,1344.0733333333333
330,27,47865.15,1772.7833333333333
331,19,22111.82,1163.78
332,25,115967.62000000001,4638.7048
333,18,33686.69,1871.482777777778
334,19,284769.86000000004,14987.887368421056
335,13,23221.54,1786.2723076923078
336,15,14974.04,998.2693333333334
337,11,22337.39,2030.671818181818
338,29,41354.59,1426.020344827586
339,25,39760.74,1590.4296
340,20,77767.48,3888.374
341,19,31347.36,1649.861052631579
342,32,115532.37,3610.3865625
343,14,187436.30999999997,13388.307857142854
344,16,20190.45,1261.903125
345,18,31473.079999999998,1748.5044444444443
346,11,12239.779999999999,1112.7072727272725
347,17,29556.18,1738.5988235294117
348,20,28330.63,1416.5315
349,17,304136.64,17890.390588235296
350,17,26737.100000000002,1572.7705882352943
351,23,40199.65,1747.8108695652174
352,19,22838.66,1202.0347368421053
353,29,35097.18,1210.2475862068966
354,19,29857.26,1571.4347368421052
355,14,24021.53,1715.8235714285713
356,28,28748.26,1026.7235714285714
357,24,44602.67,1858.4445833333332
358,19,100524.23999999999,5290.74947368421
359,17,26444.76,1555.5741176470588
360,19,28776.09,1514.5310526315789
361,9,8072.05,896.8944444444445
362,16,24146.79,1509.174375
363,25,226126.68000000002,9045.067200000001
364,17,27063.77,1591.9864705882353
365,22,27008.27,1227.6486363636363
366,18,27350.98,1519.4988888888888
367,20,30423.1,1521.155
368,30,176869.0,5895.633333333333
369,13,89991.04999999999,6922.38846153846
370,17,26551.68,1561.8635294117648
371,24,97482.09,4061.75375
372,18,187884.67,10438.037222222223
373,16,24016.03,1501.001875
374,20,166162.34,8308.117
375,15,24215.2,1614.3466666666668
376,26,177561.09000000003,6829.272692307693
377,20,28595.73,1429.7865
378,22,26865.760000000002,1221.1709090909092
379,17,171230.62000000002,10072.389411764707
380,23,42247.19,1836.834347826087
381,15,30706.370000000003,2047.0913333333335
382,9,12315.25,1368.361111111111
383,25,203082.29000000004,8123.291600000001
384,16,23302.09,1456.380625
385,19,118115.43,6216.601578947368
386,14,40117.399999999994,2865.528571428571
387,16,202703.34,12668.95875
388,28,40183.77,1435.1346428571428
389,15,22160.73,1477.382
390,17,27696.8,1629.2235294117647
391,25,95785.56999999999,3831.4228
392,21,35012.66,1667.269523809524
393,22,32259.65,1466.3477272727273
394,19,23001.6,1210.6105263157895
395,13,14502.54,1115.5800000000002
396,17,185694.23,10923.19
397,19,163351.28,8597.435789473684
398,15,27649.6,1843.3066666666666
399,12,197831.32,16485.943333333333
400,19,33260.31,1750.5426315789473
401,21,217258.67,10345.650952380953
402,15,34207.61,2280.5073333333335
403,26,224859.76,8648.452307692309
404,16,80418.41,5026.150625
405,22,192134.91,8733.405
406,15,22628.39,1508.5593333333334
407,11,184551.66,16777.423636363637
408,21,31170.02,1484.2866666666666
409,22,174230.94,7919.5881818181815
410,16,153519.04,9594.94
411,21,276612.57,13172.027142857143
412,23,38320.33,1666.1013043478263
413,17,19101.170000000002,1123.5982352941178
414,23,192166.76,8355.07652173913
415,20,185434.85,9271.7425
416,18,23987.8,1332.6555555555556
417,13,16853.94,1296.456923076923
418,22,207815.52,9446.16
419,13,18608.09,1431.3915384615384
420,23,287082.79,12481.860434782608
421,15,223203.83,14880.255333333333
422,10,10294.93,1029.493
423,20,38457.92,1922.896
424,18,56174.09,3120.7827777777775
425,18,28765.32,1598.0733333333333
426,23,38761.65,1685.2891304347827
427,17,27088.54,1593.4435294117648
428,17,27454.28,1614.9576470588236
429,16,133819.57,8363.723125
430,16,27336.51,1708.531875
431,17,36011.07,2118.2982352941176
432,23,33137.81,1440.7743478260868
433,14,22828.92,1630.6371428571426
434,13,23831.28,1833.1753846153845
435,14,27576.93,1969.7807142857143
436,23,27148.87,1180.385652173913
437,15,29164.39,1944.2926666666667
438,15,19181.7,1278.78
439,18,164204.41,9122.467222222222
440,15,26849.13,1789.942
441,19,49700.2,2615.7999999999997
442,17,121691.39,7158.31705882353
443,18,155596.87000000002,8644.270555555557
444,22,44487.25,2022.1477272727273
445,18,23382.88,1299.048888888889
446,11,14492.779999999999,1317.5254545454545
447,18,31811.7,1767.3166666666666
448,24,181049.78999999998,7543.741249999999
449,19,25196.8,1326.1473684210525
450,24,29446.24,1226.9266666666667
451,18,127994.65,7110.813888888889
452,16,20638.0,1289.875
453,19,34977.28,1840.9094736842105
454,22,54767.11,2489.414090909091
455,17,26911.93,1583.054705882353
456,17,196683.11000000002,11569.594705882353
457,20,233419.67999999996,11670.983999999999
458,23,113432.96999999999,4931.868260869564
459,14,15876.92,1134.0657142857142
460,13,21552.89,1657.9146153846154
461,19,212721.02,11195.843157894737
462,11,218687.91,19880.71909090909
463,17,153183.12,9010.771764705882
464,10,14441.84,1444.184
465,17,26140.129999999997,1537.6547058823528
466,22,31771.35,1444.1522727272727
467,24,29877.010000000002,1244.8754166666668
468,12,11454.89,954.5741666666667
469,15,18060.6,1204.04
470,21,50569.1,2408.052380952381
471,21,36154.29,1721.6328571428571
472,14,25859.77,1847.1264285714285
473,29,38092.7,1313.5413793103448
474,17,26225.65,1542.6852941176471
475,18,220047.36,12224.853333333333
476,22,159381.89,7244.631363636364
477,23,36176.92,1572.9095652173912
478,19,18576.030000000002,977.6857894736844
479,14,18718.239999999998,1337.0171428571427
480,13,16623.56,1278.7353846153846
481,19,27909.89,1468.9415789473685
482,20,34551.34,1727.5669999999998
483,13,23586.739999999998,1814.3646153846153
484,21,23525.12,1120.2438095238094
485,22,28747.52,1306.7054545454546
486,12,203871.16,16989.263333333332
487,22,97806.84999999999,4445.765909090908
488,22,29381.82,1335.5372727272727
489,16,31641.739999999998,1977.6087499999999
490,18,27424.51,1523.5838888888889
491,20,34728.44,1736.422
492,21,50974.81,2427.3719047619047
493,20,32344.85,1617.2424999999998
494,25,35002.05,1400.082
495,15,14282.26,952.1506666666667
496,13,192219.77999999997,14786.136923076921
497,25,41275.88,1651.0351999999998
498,21,29426.92,1401.2819047619046
499,23,450228.58,19575.155652173915
500,20,198120.52000000002,9906.026000000002
