month,transaction_count,transaction_value,average_transaction_value
2025-01,778,2404254.7,3090.301670951157
2025-02,699,3242272.93,4638.444821173105
2025-03,798,3530259.1,4423.8835839599
2025-04,781,3184320.95,4077.2355313700386
2025-05,788,3272036.09,4152.330063451776
2025-06,807,2768916.27,3431.1230111524164
2025-07,805,4031501.28,5008.076124223602
2025-08,802,2882132.83,3593.681832917706
2025-09,784,2093811.67,2670.678150510204
2025-10,788,2209293.91,2803.6724746192895
2025-11,714,2889109.2,4046.3714285714286
2025-12,771,2557570.42,3317.2119584954603
