customer_id,customer_name,age,city,customer_segment,account_open_date
1,Customer_0001,58,Pune,Retail,2021-01-31
2,Customer_0002,33,Delhi,Retail,2019-02-24
3,Customer_0003,61,Jaipur,Retail,2022-09-25
4,Customer_0004,20,Mumbai,Retail,2020-08-10
5,Customer_0005,50,Dhanbad,Retail,2020-03-25
6,Customer_0006,63,Jaipur,Retail,2023-01-14
7,Customer_0007,55,Bengaluru,Student,2018-01-27
8,Customer_0008,66,Nagpur,Premium,2021-10-25
9,Customer_0009,35,Nagpur,Retail,2021-10-10
10,Customer_0010,24,Pune,Retail,2022-01-10
11,Customer_0011,72,Hyderabad,Premium,2018-06-27
12,Customer_0012,64,Kolkata,Retail,2022-03-31
13,Customer_0013,23,Jaipur,Retail,2025-01-18
14,Customer_0014,57,Hyderabad,Premium,2018-10-12
15,Customer_0015,20,Delhi,Student,2018-11-23
16,Customer_0016,72,Delhi,Student,2022-04-06
17,Customer_0017,35,Kolkata,Premium,2022-02-03
18,Customer_0018,28,Hyderabad,Retail,2025-07-08
19,Customer_0019,35,Pune,Premium,2019-12-02
20,Customer_0020,52,Delhi,Retail,2022-04-04
21,Customer_0021,35,Jaipur,Retail,2021-08-21
22,Customer_0022,71,Mumbai,Retail,2018-05-12
23,Customer_0023,69,Hyderabad,Retail,2018-09-29
24,Customer_0024,31,Dhanbad,Student,2021-07-12
25,Customer_0025,31,Kolkata,Retail,2025-03-18
26,Customer_0026,47,Nagpur,Retail,2020-10-07
27,Customer_0027,65,Jaipur,Retail,2024-07-22
28,Customer_0028,45,Dhanbad,Retail,2020-06-17
29,Customer_0029,26,Jaipur,Retail,2018-07-12
30,Customer_0030,73,Pune,Retail,2019-10-18
31,Customer_0031,68,Chennai,Premium,2022-04-26
32,Customer_0032,42,Dhanbad,Business,2023-12-08
33,Customer_0033,34,Jaipur,Student,2018-02-17
34,Customer_0034,61,Pune,Premium,2024-01-09
35,Customer_0035,66,Bengaluru,Student,2021-10-25
36,Customer_0036,25,Bengaluru,Retail,2023-02-02
37,Customer_0037,18,Bengaluru,Business,2020-01-02
38,Customer_0038,50,Pune,Student,2021-05-07
39,Customer_0039,71,Jaipur,Premium,2019-09-19
40,Customer_0040,41,Nagpur,Retail,2023-12-13
41,Customer_0041,18,Dhanbad,Retail,2018-03-21
42,Customer_0042,25,Hyderabad,Student,2021-06-13
43,Customer_0043,33,Mumbai,Retail,2024-05-12
44,Customer_0044,23,Pune,Premium,2018-10-11
45,Customer_0045,66,Jaipur,Student,2019-06-10
46,Customer_0046,60,Kolkata,Business,2019-11-08
47,Customer_0047,34,Jaipur,Student,2022-09-30
48,Customer_0048,31,Jaipur,Student,2020-04-03
49,Customer_0049,63,Bengaluru,Retail,2025-07-14
50,Customer_0050,59,Hyderabad,Retail,2023-10-21
51,Customer_0051,46,Pune,Retail,2018-09-20
52,Customer_0052,39,Mumbai,Premium,2020-07-31
53,Customer_0053,55,Delhi,Retail,2025-01-28
54,Customer_0054,21,Delhi,Retail,2018-05-09
55,Customer_0055,73,Hyderabad,Retail,2020-09-01
56,Customer_0056,35,Kolkata,Retail,2019-06-26
57,Customer_0057,64,Dhanbad,Premium,2020-09-22
58,Customer_0058,68,Kolkata,Student,2020-02-19
59,Customer_0059,24,Pune,Premium,2021-12-22
60,Customer_0060,45,Chennai,Retail,2018-08-10
61,Customer_0061,61,Pune,Retail,2021-10-21
62,Customer_0062,69,Pune,Retail,2020-02-19
63,Customer_0063,52,Kolkata,Retail,2020-01-22
64,Customer_0064,35,Kolkata,Retail,2018-11-05
65,Customer_0065,46,Jaipur,Retail,2025-04-25
66,Customer_0066,52,Mumbai,Business,2020-08-26
67,Customer_0067,28,Chennai,Retail,2020-05-25
68,Customer_0068,73,Chennai,Business,2019-11-06
69,Customer_0069,42,Mumbai,Business,2020-12-22
70,Customer_0070,68,Kolkata,Retail,2024-03-26
71,Customer_0071,60,Kolkata,Retail,2021-04-30
72,Customer_0072,31,Mumbai,Premium,2024-01-30
73,Customer_0073,21,Hyderabad,Retail,2024-07-20
74,Customer_0074,48,Jaipur,Business,2023-12-16
75,Customer_0075,28,Mumbai,Business,2018-11-25
76,Customer_0076,72,Nagpur,Retail,2018-10-06
77,Customer_0077,61,Delhi,Retail,2024-05-22
78,Customer_0078,33,Dhanbad,Premium,2024-12-11
79,Customer_0079,23,Chennai,Premium,2024-05-04
80,Customer_0080,51,Hyderabad,Business,2020-04-16
81,Customer_0081,60,Hyderabad,Retail,2022-06-10
82,Customer_0082,26,Bengaluru,Retail,2018-10-25
83,Customer_0083,18,Kolkata,Premium,2024-04-25
84,Customer_0084,24,Pune,Retail,2023-09-04
85,Customer_0085,34,Nagpur,Business,2018-10-09
86,Customer_0086,74,Delhi,Retail,2019-10-09
87,Customer_0087,46,Jaipur,Premium,2024-11-10
88,Customer_0088,69,Jaipur,Retail,2024-03-21
89,Customer_0089,37,Pune,Business,2019-07-05
90,Customer_0090,34,Pune,Student,2024-03-16
91,Customer_0091,27,Bengaluru,Retail,2020-05-12
92,Customer_0092,63,Hyderabad,Retail,2025-02-10
93,Customer_0093,72,Bengaluru,Retail,2020-10-25
94,Customer_0094,75,Mumbai,Retail,2022-10-01
95,Customer_0095,71,Bengaluru,Retail,2021-09-28
96,Customer_0096,67,Nagpur,Premium,2020-12-08
97,Customer_0097,28,Kolkata,Premium,2022-10-18
98,Customer_0098,53,Mumbai,Retail,2019-09-03
99,Customer_0099,52,Mumbai,Student,2024-07-13
100,Customer_0100,53,Nagpur,Retail,2018-06-21
101,Customer_0101,37,Hyderabad,Student,2018-06-13
102,Customer_0102,75,Hyderabad,Retail,2020-10-19
103,Customer_0103,60,Pune,Retail,2024-04-12
104,Customer_0104,74,Chennai,Business,2019-09-26
105,Customer_0105,33,Nagpur,Business,2019-12-27
106,Customer_0106,74,Chennai,Retail,2021-09-22
107,Customer_0107,68,Chennai,Student,2020-10-13
108,Customer_0108,35,Nagpur,Student,2019-03-19
109,Customer_0109,42,Mumbai,Student,2020-06-30
110,Customer_0110,30,Kolkata,Retail,2020-07-21
111,Customer_0111,32,Mumbai,Premium,2022-06-21
112,Customer_0112,39,Bengaluru,Student,2021-02-17
113,Customer_0113,40,Jaipur,Retail,2024-01-06
114,Customer_0114,39,Mumbai,Retail,2020-12-05
115,Customer_0115,29,Dhanbad,Business,2020-12-23
116,Customer_0116,20,Pune,Premium,2021-11-16
117,Customer_0117,64,Hyderabad,Retail,2023-09-26
118,Customer_0118,25,Chennai,Student,2020-02-18
119,Customer_0119,34,Mumbai,Premium,2018-01-07
120,Customer_0120,51,Jaipur,Premium,2025-07-09
121,Customer_0121,30,Hyderabad,Retail,2025-06-13
122,Customer_0122,39,Dhanbad,Retail,2019-05-26
123,Customer_0123,64,Bengaluru,Retail,2025-06-24
124,Customer_0124,44,Hyderabad,Retail,2021-04-26
125,Customer_0125,53,Nagpur,Retail,2025-06-16
126,Customer_0126,42,Nagpur,Premium,2021-05-17
127,Customer_0127,43,Jaipur,Student,2021-05-29
128,Customer_0128,36,Delhi,Retail,2024-07-03
129,Customer_0129,56,Hyderabad,Retail,2022-12-17
130,Customer_0130,61,Delhi,Retail,2019-11-27
131,Customer_0131,60,Pune,Retail,2025-06-12
132,Customer_0132,58,Dhanbad,Retail,2020-08-20
133,Customer_0133,61,Bengaluru,Retail,2020-03-26
134,Customer_0134,27,Mumbai,Retail,2023-05-01
135,Customer_0135,57,Pune,Retail,2025-01-23
136,Customer_0136,54,Delhi,Premium,2022-04-22
137,Customer_0137,49,Chennai,Retail,2025-05-11
138,Customer_0138,62,Mumbai,Student,2019-03-13
139,Customer_0139,67,Chennai,Retail,2023-10-23
140,Customer_0140,47,Mumbai,Premium,2019-05-13
141,Customer_0141,47,Nagpur,Student,2025-06-27
142,Customer_0142,51,Jaipur,Premium,2022-12-18
143,Customer_0143,57,Jaipur,Retail,2024-02-23
144,Customer_0144,46,Nagpur,Premium,2023-04-29
145,Customer_0145,46,Bengaluru,Student,2025-02-24
146,Customer_0146,35,Jaipur,Retail,2020-09-06
147,Customer_0147,35,Kolkata,Retail,2021-03-16
148,Customer_0148,33,Bengaluru,Retail,2024-01-22
149,Customer_0149,23,Nagpur,Retail,2022-04-18
150,Customer_0150,62,Nagpur,Premium,2018-09-21
151,Customer_0151,44,Chennai,Retail,2023-03-24
152,Customer_0152,44,Mumbai,Retail,2022-09-17
153,Customer_0153,42,Dhanbad,Business,2018-03-22
154,Customer_0154,72,Dhanbad,Retail,2018-01-25
155,Customer_0155,40,Bengaluru,Student,2022-09-13
156,Customer_0156,52,Jaipur,Student,2020-06-22
157,Customer_0157,49,Delhi,Retail,2023-06-13
158,Customer_0158,19,Chennai,Retail,2025-08-13
159,Customer_0159,69,Chennai,Premium,2023-03-30
160,Customer_0160,26,Dhanbad,Retail,2022-06-02
161,Customer_0161,55,Dhanbad,Premium,2018-12-10
162,Customer_0162,59,Chennai,Retail,2023-03-07
163,Customer_0163,29,Mumbai,Retail,2021-09-02
164,Customer_0164,31,Kolkata,Retail,2022-04-02
165,Customer_0165,35,Chennai,Retail,2018-12-02
166,Customer_0166,48,Mumbai,Premium,2018-08-02
167,Customer_0167,40,Delhi,Premium,2025-04-23
168,Customer_0168,20,Mumbai,Business,2020-03-27
169,Customer_0169,71,Mumbai,Premium,2020-09-04
170,Customer_0170,26,Kolkata,Premium,2024-04-29
171,Customer_0171,31,Kolkata,Premium,2022-02-19
172,Customer_0172,28,Dhanbad,Premium,2019-04-15
173,Customer_0173,67,Nagpur,Business,2019-03-19
174,Customer_0174,55,Mumbai,Business,2024-06-16
175,Customer_0175,61,Chennai,Retail,2020-03-23
176,Customer_0176,22,Dhanbad,Premium,2025-01-13
177,Customer_0177,33,Pune,Premium,2021-05-20
178,Customer_0178,72,Dhanbad,Student,2024-05-07
179,Customer_0179,68,Mumbai,Retail,2022-10-21
180,Customer_0180,60,Hyderabad,Retail,2025-04-06
181,Customer_0181,39,Mumbai,Student,2023-07-01
182,Customer_0182,24,Chennai,Business,2025-02-16
183,Customer_0183,75,Kolkata,Premium,2022-11-19
184,Customer_0184,29,Jaipur,Business,2021-01-11
185,Customer_0185,57,Jaipur,Student,2023-03-20
186,Customer_0186,45,Dhanbad,Retail,2020-10-02
187,Customer_0187,71,Pune,Retail,2023-01-21
188,Customer_0188,33,Kolkata,Premium,2025-06-29
189,Customer_0189,42,Hyderabad,Retail,2021-08-24
190,Customer_0190,29,Kolkata,Retail,2020-11-24
191,Customer_0191,39,Bengaluru,Student,2021-02-05
192,Customer_0192,53,Mumbai,Retail,2020-02-22
193,Customer_0193,23,Delhi,Premium,2023-06-25
194,Customer_0194,53,Delhi,Premium,2025-03-30
195,Customer_0195,63,Kolkata,Retail,2018-03-12
196,Customer_0196,23,Bengaluru,Retail,2020-09-23
197,Customer_0197,37,Dhanbad,Retail,2024-03-17
198,Customer_0198,51,Hyderabad,Retail,2024-03-04
199,Customer_0199,39,Hyderabad,Premium,2021-01-14
200,Customer_0200,37,Bengaluru,Retail,2020-02-28
201,Customer_0201,38,Pune,Premium,2020-01-29
202,Customer_0202,30,Delhi,Premium,2021-02-06
203,Customer_0203,64,Dhanbad,Business,2023-11-19
204,Customer_0204,56,Bengaluru,Business,2020-03-06
205,Customer_0205,36,Delhi,Retail,2021-05-23
206,Customer_0206,18,Jaipur,Retail,2018-07-06
207,Customer_0207,21,Jaipur,Retail,2019-06-02
208,Customer_0208,58,Kolkata,Retail,2018-02-20
209,Customer_0209,54,Bengaluru,Retail,2022-12-10
210,Customer_0210,39,Nagpur,Business,2020-10-31
211,Customer_0211,73,Kolkata,Retail,2018-09-25
212,Customer_0212,43,Kolkata,Retail,2025-01-22
213,Customer_0213,61,Mumbai,Retail,2024-04-24
214,Customer_0214,37,Pune,Business,2019-05-01
215,Customer_0215,53,Chennai,Premium,2024-12-08
216,Customer_0216,32,Jaipur,Retail,2022-12-19
217,Customer_0217,37,Dhanbad,Business,2021-06-04
218,Customer_0218,54,Dhanbad,Retail,2019-02-11
219,Customer_0219,66,Delhi,Premium,2020-12-19
220,Customer_0220,60,Pune,Retail,2019-12-13
221,Customer_0221,53,Pune,Retail,2022-08-01
222,Customer_0222,46,Dhanbad,Retail,2018-05-14
223,Customer_0223,32,Bengaluru,Premium,2023-02-03
224,Customer_0224,22,Delhi,Business,2025-01-04
225,Customer_0225,55,Delhi,Retail,2024-02-09
226,Customer_0226,32,Nagpur,Business,2019-08-06
227,Customer_0227,22,Mumbai,Retail,2021-06-13
228,Customer_0228,56,Dhanbad,Business,2022-12-04
229,Customer_0229,25,Kolkata,Premium,2022-07-07
230,Customer_0230,35,Jaipur,Retail,2022-11-29
231,Customer_0231,23,Dhanbad,Retail,2022-11-05
232,Customer_0232,65,Hyderabad,Premium,2018-04-16
233,Customer_0233,23,Delhi,Business,2024-06-14
234,Customer_0234,55,Mumbai,Business,2025-07-16
235,Customer_0235,70,Bengaluru,Premium,2019-12-19
236,Customer_0236,48,Jaipur,Premium,2021-02-13
237,Customer_0237,29,Dhanbad,Retail,2023-07-08
238,Customer_0238,23,Kolkata,Retail,2021-09-27
239,Customer_0239,38,Pune,Student,2021-09-12
240,Customer_0240,44,Kolkata,Retail,2022-06-29
241,Customer_0241,70,Jaipur,Retail,2018-12-27
242,Customer_0242,38,Bengaluru,Retail,2022-07-14
243,Customer_0243,73,Jaipur,Student,2018-01-05
244,Customer_0244,60,Jaipur,Retail,2018-08-11
245,Customer_0245,30,Jaipur,Retail,2023-08-04
246,Customer_0246,58,Kolkata,Student,2020-04-13
247,Customer_0247,35,Jaipur,Retail,2021-03-25
248,Customer_0248,46,Kolkata,Retail,2025-01-24
249,Customer_0249,56,Delhi,Premium,2021-06-26
250,Customer_0250,53,Mumbai,Premium,2019-01-17
251,Customer_0251,32,Pune,Retail,2019-04-27
252,Customer_0252,59,Nagpur,Retail,2021-04-10
253,Customer_0253,50,Bengaluru,Retail,2023-05-31
254,Customer_0254,48,Delhi,Retail,2019-08-16
255,Customer_0255,42,Delhi,Business,2023-09-13
256,Customer_0256,65,Nagpur,Student,2021-02-05
257,Customer_0257,67,Chennai,Retail,2023-09-11
258,Customer_0258,35,Mumbai,Retail,2021-05-07
259,Customer_0259,71,Dhanbad,Premium,2025-05-27
260,Customer_0260,49,Nagpur,Retail,2023-06-07
261,Customer_0261,40,Hyderabad,Premium,2024-02-04
262,Customer_0262,42,Kolkata,Business,2020-02-12
263,Customer_0263,62,Delhi,Premium,2020-08-14
264,Customer_0264,72,Chennai,Retail,2023-04-22
265,Customer_0265,63,Chennai,Retail,2025-06-11
266,Customer_0266,68,Nagpur,Retail,2018-06-01
267,Customer_0267,26,Jaipur,Business,2021-09-21
268,Customer_0268,73,Pune,Student,2022-12-09
269,Customer_0269,24,Jaipur,Business,2018-03-04
270,Customer_0270,64,Nagpur,Retail,2025-05-05
271,Customer_0271,27,Pune,Retail,2020-12-21
272,Customer_0272,39,Dhanbad,Premium,2025-04-15
273,Customer_0273,23,Hyderabad,Student,2023-12-26
274,Customer_0274,42,Hyderabad,Premium,2023-06-22
275,Customer_0275,73,Jaipur,Retail,2018-10-08
276,Customer_0276,33,Bengaluru,Business,2019-01-06
277,Customer_0277,45,Pune,Student,2019-02-16
278,Customer_0278,46,Nagpur,Premium,2018-04-29
279,Customer_0279,20,Hyderabad,Student,2021-04-16
280,Customer_0280,40,Hyderabad,Retail,2020-09-27
281,Customer_0281,51,Chennai,Premium,2020-01-08
282,Customer_0282,28,Nagpur,Retail,2022-04-16
283,Customer_0283,57,Delhi,Retail,2024-07-16
284,Customer_0284,27,Delhi,Retail,2020-11-06
285,Customer_0285,47,Bengaluru,Premium,2023-03-21
286,Customer_0286,75,Bengaluru,Premium,2019-10-10
287,Customer_0287,22,Kolkata,Business,2024-08-03
288,Customer_0288,37,Chennai,Premium,2023-02-15
289,Customer_0289,72,Bengaluru,Retail,2022-04-25
290,Customer_0290,72,Kolkata,Retail,2022-04-12
291,Customer_0291,54,Hyderabad,Premium,2021-04-24
292,Customer_0292,19,Chennai,Retail,2024-05-07
293,Customer_0293,73,Mumbai,Business,2023-07-28
294,Customer_0294,71,Bengaluru,Student,2020-07-31
295,Customer_0295,56,Hyderabad,Retail,2020-02-18
296,Customer_0296,57,Bengaluru,Premium,2025-05-24
297,Customer_0297,61,Nagpur,Premium,2025-01-14
298,Customer_0298,59,Mumbai,Retail,2022-12-11
299,Customer_0299,20,Dhanbad,Retail,2019-06-23
300,Customer_0300,23,Bengaluru,Retail,2022-08-29
301,Customer_0301,29,Delhi,Retail,2024-01-19
302,Customer_0302,74,Hyderabad,Retail,2021-01-21
303,Customer_0303,71,Nagpur,Retail,2023-05-28
304,Customer_0304,69,Bengaluru,Premium,2021-10-19
305,Customer_0305,69,Pune,Retail,2018-11-05
306,Customer_0306,27,Delhi,Student,2025-07-25
307,Customer_0307,43,Jaipur,Retail,2022-06-05
308,Customer_0308,18,Bengaluru,Retail,2023-02-06
309,Customer_0309,41,Bengaluru,Premium,2025-02-28
310,Customer_0310,41,Pune,Premium,2023-04-16
311,Customer_0311,19,Dhanbad,Student,2024-04-18
312,Customer_0312,38,Dhanbad,Retail,2018-09-16
313,Customer_0313,58,Kolkata,Business,2021-05-22
314,Customer_0314,59,Chennai,Retail,2018-07-05
315,Customer_0315,20,Bengaluru,Business,2019-04-21
316,Customer_0316,24,Delhi,Student,2019-07-10
317,Customer_0317,42,Kolkata,Retail,2024-01-22
318,Customer_0318,44,Dhanbad,Premium,2019-09-25
319,Customer_0319,74,Chennai,Premium,2023-06-28
320,Customer_0320,57,Chennai,Business,2021-02-19
321,Customer_0321,20,Hyderabad,Retail,2022-12-27
322,Customer_0322,33,Hyderabad,Retail,2022-02-13
323,Customer_0323,52,Hyderabad,Retail,2021-02-04
324,Customer_0324,30,Pune,Business,2023-02-06
325,Customer_0325,23,Delhi,Premium,2024-09-11
326,Customer_0326,19,Mumbai,Student,2020-09-24
327,Customer_0327,26,Dhanbad,Retail,2024-03-20
328,Customer_0328,31,Dhanbad,Retail,2020-08-12
329,Customer_0329,39,Nagpur,Student,2024-09-07
330,Customer_0330,18,Bengaluru,Student,2019-08-16
331,Customer_0331,26,Jaipur,Retail,2019-12-16
332,Customer_0332,25,Mumbai,Retail,2022-01-07
333,Customer_0333,68,Delhi,Premium,2018-03-06
334,Customer_0334,29,Bengaluru,Retail,2022-09-21
335,Customer_0335,51,Pune,Premium,2023-05-05
336,Customer_0336,46,Hyderabad,Retail,2019-03-23
337,Customer_0337,46,Jaipur,Retail,2024-11-24
338,Customer_0338,20,Jaipur,Retail,2025-03-20
339,Customer_0339,19,Mumbai,Business,2022-07-04
340,Customer_0340,45,Pune,Retail,2022-12-22
341,Customer_0341,22,Pune,Retail,2019-08-31
342,Customer_0342,22,Nagpur,Retail,2025-02-06
343,Customer_0343,55,Jaipur,Premium,2022-04-10
344,Customer_0344,56,Jaipur,Retail,2023-09-02
345,Customer_0345,56,Chennai,Retail,2019-04-14
346,Customer_0346,72,Jaipur,Premium,2020-05-30
347,Customer_0347,45,Kolkata,Student,2022-08-22
348,Customer_0348,39,Kolkata,Retail,2019-01-25
349,Customer_0349,38,Chennai,Retail,2020-11-10
350,Customer_0350,41,Nagpur,Premium,2023-04-27
351,Customer_0351,22,Pune,Student,2019-01-17
352,Customer_0352,45,Pune,Premium,2022-03-07
353,Customer_0353,69,Nagpur,Premium,2024-07-30
354,Customer_0354,53,Jaipur,Retail,2019-05-16
355,Customer_0355,44,Hyderabad,Student,2022-09-29
356,Customer_0356,73,Mumbai,Business,2024-09-25
357,Customer_0357,37,Hyderabad,Retail,2023-09-10
358,Customer_0358,31,Nagpur,Premium,2020-07-07
359,Customer_0359,72,Pune,Retail,2024-03-28
360,Customer_0360,41,Pune,Student,2024-06-09
361,Customer_0361,32,Chennai,Student,2024-12-21
362,Customer_0362,57,Jaipur,Retail,2025-05-18
363,Customer_0363,71,Bengaluru,Retail,2021-01-24
364,Customer_0364,62,Bengaluru,Business,2021-12-08
365,Customer_0365,18,Nagpur,Student,2024-05-08
366,Customer_0366,60,Chennai,Retail,2025-02-06
367,Customer_0367,19,Pune,Premium,2020-05-31
368,Customer_0368,42,Chennai,Retail,2019-10-07
369,Customer_0369,41,Bengaluru,Premium,2024-05-13
370,Customer_0370,56,Pune,Student,2019-09-30
371,Customer_0371,28,Dhanbad,Retail,2018-12-01
372,Customer_0372,35,Kolkata,Premium,2023-06-13
373,Customer_0373,56,Kolkata,Retail,2020-06-01
374,Customer_0374,66,Jaipur,Retail,2022-10-27
375,Customer_0375,25,Bengaluru,Premium,2024-08-26
376,Customer_0376,49,Jaipur,Premium,2018-07-06
377,Customer_0377,32,Chennai,Business,2018-08-13
378,Customer_0378,18,Delhi,Retail,2020-05-15
379,Customer_0379,67,Nagpur,Student,2021-03-31
380,Customer_0380,38,Pune,Retail,2022-10-30
381,Customer_0381,29,Nagpur,Retail,2020-07-31
382,Customer_0382,50,Jaipur,Student,2021-12-21
383,Customer_0383,22,Chennai,Student,2018-06-23
384,Customer_0384,45,Mumbai,Retail,2018-11-15
385,Customer_0385,73,Hyderabad,Premium,2024-06-06
386,Customer_0386,43,Chennai,Retail,2022-07-18
387,Customer_0387,19,Hyderabad,Retail,2024-12-06
388,Customer_0388,47,Hyderabad,Retail,2019-03-10
389,Customer_0389,33,Chennai,Premium,2023-11-17
390,Customer_0390,23,Chennai,Student,2021-10-22
391,Customer_0391,32,Hyderabad,Student,2018-11-09
392,Customer_0392,50,Pune,Retail,2020-03-05
393,Customer_0393,75,Hyderabad,Retail,2025-03-28
394,Customer_0394,70,Nagpur,Retail,2019-08-23
395,Customer_0395,34,Delhi,Retail,2019-09-19
396,Customer_0396,66,Pune,Retail,2025-01-16
397,Customer_0397,49,Kolkata,Student,2024-07-01
398,Customer_0398,46,Dhanbad,Premium,2025-01-02
399,Customer_0399,38,Hyderabad,Retail,2018-10-07
400,Customer_0400,48,Kolkata,Premium,2021-01-30
401,Customer_0401,55,Mumbai,Retail,2018-10-31
402,Customer_0402,37,Kolkata,Retail,2018-08-22
403,Customer_0403,41,Bengaluru,Retail,2019-01-05
404,Customer_0404,57,Dhanbad,Retail,2023-03-11
405,Customer_0405,55,Jaipur,Business,2018-06-18
406,Customer_0406,46,Dhanbad,Premium,2021-08-09
407,Customer_0407,56,Kolkata,Retail,2018-09-11
408,Customer_0408,46,Pune,Student,2021-11-07
409,Customer_0409,63,Pune,Retail,2019-12-08
410,Customer_0410,20,Delhi,Premium,2022-12-05
411,Customer_0411,51,Jaipur,Premium,2022-01-30
412,Customer_0412,41,Bengaluru,Retail,2021-10-17
413,Customer_0413,61,Dhanbad,Retail,2025-01-28
414,Customer_0414,59,Hyderabad,Retail,2019-01-23
415,Customer_0415,53,Chennai,Retail,2025-05-13
416,Customer_0416,56,Nagpur,Retail,2024-07-14
417,Customer_0417,60,Nagpur,Business,2021-06-24
418,Customer_0418,59,Chennai,Retail,2018-12-14
419,Customer_0419,37,Jaipur,Retail,2021-09-07
420,Customer_0420,70,Nagpur,Premium,2023-11-27
421,Customer_0421,23,Chennai,Retail,2018-03-16
422,Customer_0422,41,Bengaluru,Retail,2020-05-27
423,Customer_0423,39,Kolkata,Retail,2019-07-18
424,Customer_0424,27,Pune,Retail,2019-02-19
425,Customer_0425,50,Jaipur,Student,2023-11-27
426,Customer_0426,20,Hyderabad,Student,2024-12-06
427,Customer_0427,26,Dhanbad,Retail,2019-10-27
428,Customer_0428,29,Dhanbad,Student,2019-11-10
429,Customer_0429,64,Kolkata,Retail,2022-02-01
430,Customer_0430,61,Delhi,Business,2024-11-05
431,Customer_0431,36,Kolkata,Retail,2020-09-06
432,Customer_0432,37,Kolkata,Business,2020-03-05
433,Customer_0433,41,Dhanbad,Business,2023-03-07
434,Customer_0434,67,Bengaluru,Student,2023-08-22
435,Customer_0435,51,Chennai,Business,2020-03-28
436,Customer_0436,69,Dhanbad,Retail,2020-10-21
437,Customer_0437,21,Kolkata,Student,2024-03-21
438,Customer_0438,24,Jaipur,Student,2021-03-13
439,Customer_0439,23,Nagpur,Retail,2023-10-04
440,Customer_0440,27,Chennai,Retail,2020-06-28
441,Customer_0441,70,Kolkata,Student,2018-04-20
442,Customer_0442,44,Mumbai,Retail,2022-03-12
443,Customer_0443,33,Chennai,Business,2022-03-16
444,Customer_0444,32,Mumbai,Retail,2019-02-10
445,Customer_0445,71,Hyderabad,Student,2019-07-18
446,Customer_0446,20,Bengaluru,Business,2023-04-20
447,Customer_0447,62,Nagpur,Student,2023-04-06
448,Customer_0448,46,Dhanbad,Retail,2018-11-21
449,Customer_0449,19,Bengaluru,Retail,2019-09-05
450,Customer_0450,53,Dhanbad,Retail,2019-04-01
451,Customer_0451,67,Bengaluru,Retail,2019-05-15
452,Customer_0452,21,Delhi,Retail,2024-12-26
453,Customer_0453,47,Pune,Retail,2023-08-10
454,Customer_0454,56,Jaipur,Retail,2023-10-12
455,Customer_0455,54,Delhi,Premium,2021-04-08
456,Customer_0456,45,Mumbai,Premium,2020-09-12
457,Customer_0457,54,Chennai,Retail,2025-06-30
458,Customer_0458,23,Jaipur,Business,2018-10-05
459,Customer_0459,51,Jaipur,Retail,2023-09-11
460,Customer_0460,53,Mumbai,Retail,2023-04-10
461,Customer_0461,20,Chennai,Business,2020-11-04
462,Customer_0462,65,Mumbai,Retail,2018-10-04
463,Customer_0463,40,Delhi,Premium,2025-01-17
464,Customer_0464,24,Dhanbad,Premium,2021-09-23
465,Customer_0465,26,Mumbai,Retail,2021-10-18
466,Customer_0466,70,Nagpur,Student,2023-03-19
467,Customer_0467,62,Kolkata,Premium,2019-07-07
468,Customer_0468,22,Kolkata,Retail,2020-04-05
469,Customer_0469,20,Delhi,Student,2021-07-16
470,Customer_0470,37,Jaipur,Retail,2024-02-03
471,Customer_0471,48,Bengaluru,Retail,2025-04-03
472,Customer_0472,30,Bengaluru,Retail,2018-07-15
473,Customer_0473,73,Hyderabad,Retail,2022-02-16
474,Customer_0474,45,Chennai,Premium,2022-05-03
475,Customer_0475,39,Nagpur,Retail,2023-07-31
476,Customer_0476,41,Jaipur,Retail,2018-12-05
477,Customer_0477,64,Chennai,Retail,2024-10-03
478,Customer_0478,70,Nagpur,Retail,2021-08-08
479,Customer_0479,24,Pune,Retail,2021-04-25
480,Customer_0480,37,Kolkata,Premium,2022-10-12
481,Customer_0481,28,Kolkata,Retail,2018-06-23
482,Customer_0482,64,Hyderabad,Premium,2022-11-17
483,Customer_0483,35,Mumbai,Retail,2025-02-24
484,Customer_0484,43,Hyderabad,Retail,2025-08-14
485,Customer_0485,28,Mumbai,Retail,2024-10-24
486,Customer_0486,61,Kolkata,Retail,2018-10-03
487,Customer_0487,33,Hyderabad,Retail,2024-05-12
488,Customer_0488,20,Dhanbad,Retail,2023-01-17
489,Customer_0489,41,Hyderabad,Retail,2018-11-11
490,Customer_0490,54,Nagpur,Retail,2022-06-19
491,Customer_0491,38,Bengaluru,Retail,2019-04-10
492,Customer_0492,19,Nagpur,Retail,2022-05-05
493,Customer_0493,53,Pune,Retail,2020-12-02
494,Customer_0494,63,Kolkata,Retail,2024-11-11
495,Customer_0495,36,Kolkata,Retail,2019-07-10
496,Customer_0496,72,Pune,Retail,2022-12-29
497,Customer_0497,23,Hyderabad,Premium,2018-09-23
498,Customer_0498,53,Jaipur,Retail,2021-05-13
499,Customer_0499,72,Nagpur,Premium,2025-02-25
500,Customer_0500,29,Hyderabad,Retail,2019-05-13
